payout_destination_id,account_id,destination_type,destination_hash,routing_or_bank_code,holder_name,status,created_at
DEST_000001,ACC_000062,bank_account,dest_hash_2b668609d601dcff,041240803,Marcus Recruiter,active,2026-07-09T12:00:00+00:00
DEST_000002,ACC_000092,crypto_wallet,dest_hash_crypto_consolidator_f704da52aca4,021000021,Nexus Holdings LLC,active,2026-06-26T13:30:00+00:00
DEST_000003,ACC_000093,crypto_wallet,dest_hash_crypto_consolidator_f704da52aca4,021000021,Nexus Holdings LLC,active,2026-06-26T17:30:00+00:00
DEST_000004,ACC_000094,crypto_wallet,dest_hash_crypto_consolidator_f704da52aca4,021000021,Nexus Holdings LLC,active,2026-06-26T21:30:00+00:00
DEST_000005,ACC_000095,crypto_wallet,dest_hash_crypto_consolidator_f704da52aca4,021000021,Nexus Holdings LLC,active,2026-06-27T01:30:00+00:00
DEST_000006,ACC_000096,crypto_wallet,dest_hash_crypto_consolidator_f704da52aca4,021000021,Nexus Holdings LLC,active,2026-06-27T05:30:00+00:00
DEST_000007,ACC_000097,crypto_wallet,dest_hash_crypto_consolidator_f704da52aca4,021000021,Nexus Holdings LLC,active,2026-06-27T09:30:00+00:00
DEST_000008,ACC_000098,crypto_wallet,dest_hash_crypto_consolidator_f704da52aca4,021000021,Nexus Holdings LLC,active,2026-06-27T13:30:00+00:00
DEST_000009,ACC_000099,crypto_wallet,dest_hash_crypto_consolidator_f704da52aca4,021000021,Nexus Holdings LLC,active,2026-06-27T17:30:00+00:00
DEST_000010,ACC_000100,crypto_wallet,dest_hash_crypto_consolidator_f704da52aca4,021000021,Nexus Holdings LLC,active,2026-06-27T21:30:00+00:00
DEST_000011,ACC_000101,crypto_wallet,dest_hash_crypto_consolidator_f704da52aca4,021000021,Nexus Holdings LLC,active,2026-06-28T01:30:00+00:00
DEST_000012,ACC_000102,crypto_wallet,dest_hash_crypto_consolidator_f704da52aca4,021000021,Nexus Holdings LLC,active,2026-06-28T05:30:00+00:00
DEST_000013,ACC_000103,crypto_wallet,dest_hash_crypto_consolidator_f704da52aca4,021000021,Nexus Holdings LLC,active,2026-06-28T09:30:00+00:00
DEST_000014,ACC_000104,crypto_wallet,dest_hash_crypto_consolidator_f704da52aca4,021000021,Nexus Holdings LLC,active,2026-06-28T13:30:00+00:00
DEST_000015,ACC_000105,crypto_wallet,dest_hash_crypto_consolidator_f704da52aca4,021000021,Nexus Holdings LLC,active,2026-06-28T17:30:00+00:00
DEST_000016,ACC_000106,crypto_wallet,dest_hash_crypto_consolidator_f704da52aca4,021000021,Nexus Holdings LLC,active,2026-06-28T21:30:00+00:00
DEST_000017,ACC_000107,bank_account,dest_hash_wire_mule_136280cade16,071000288,Apex Liquidity Services,active,2026-07-25T12:10:00+00:00
DEST_000018,ACC_000108,bank_account,dest_hash_wire_mule_136280cade16,071000288,Apex Liquidity Services,active,2026-07-25T15:10:00+00:00
DEST_000019,ACC_000109,bank_account,dest_hash_wire_mule_136280cade16,071000288,Apex Liquidity Services,active,2026-07-25T18:10:00+00:00
DEST_000020,ACC_000110,bank_account,dest_hash_wire_mule_136280cade16,071000288,Apex Liquidity Services,active,2026-07-25T21:10:00+00:00
DEST_000021,ACC_000111,bank_account,dest_hash_wire_mule_136280cade16,071000288,Apex Liquidity Services,active,2026-07-26T00:10:00+00:00
DEST_000022,ACC_000112,bank_account,dest_hash_wire_mule_136280cade16,071000288,Apex Liquidity Services,active,2026-07-26T03:10:00+00:00
DEST_000023,ACC_000113,bank_account,dest_hash_wire_mule_136280cade16,071000288,Apex Liquidity Services,active,2026-07-26T06:10:00+00:00
DEST_000024,ACC_000114,bank_account,dest_hash_wire_mule_136280cade16,071000288,Apex Liquidity Services,active,2026-07-26T09:10:00+00:00
DEST_000025,ACC_000115,bank_account,dest_hash_wire_mule_136280cade16,071000288,Apex Liquidity Services,active,2026-07-26T12:10:00+00:00
DEST_000026,ACC_000116,bank_account,dest_hash_wire_mule_136280cade16,071000288,Apex Liquidity Services,active,2026-07-26T15:10:00+00:00
DEST_000027,ACC_000117,bank_account,dest_hash_wire_mule_136280cade16,071000288,Apex Liquidity Services,active,2026-07-26T18:10:00+00:00
DEST_000028,ACC_000118,bank_account,dest_hash_wire_mule_136280cade16,071000288,Apex Liquidity Services,active,2026-07-26T21:10:00+00:00
DEST_000029,ACC_000119,bank_account,dest_hash_wire_mule_136280cade16,071000288,Apex Liquidity Services,active,2026-07-27T00:10:00+00:00
DEST_000030,ACC_000120,bank_account,dest_hash_wire_mule_136280cade16,071000288,Apex Liquidity Services,active,2026-07-27T03:10:00+00:00
DEST_000031,ACC_000131,crypto_wallet,dest_hash_exit_alpha_d90b856aaf,052065724,Global Trade Clearing,active,2026-05-30T12:00:00+00:00
DEST_000032,ACC_000132,crypto_wallet,dest_hash_exit_beta_46891293f0,087346846,Global Trade Clearing,active,2026-05-30T12:00:00+00:00
DEST_000033,ACC_000133,crypto_wallet,dest_hash_exit_alpha_d90b856aaf,064142556,Global Trade Clearing,active,2026-05-30T12:00:00+00:00
DEST_000034,ACC_000134,crypto_wallet,dest_hash_exit_beta_46891293f0,060076822,Global Trade Clearing,active,2026-05-30T12:00:00+00:00
DEST_000035,ACC_000135,crypto_wallet,dest_hash_exit_alpha_d90b856aaf,040368869,Global Trade Clearing,active,2026-05-30T12:00:00+00:00
DEST_000036,ACC_000172,bank_account,dest_hash_apex_property_mgmt_c4a11b3a02,021000021,Apex Property Management Escrow,active,2026-06-06T01:21:21+00:00
DEST_000037,ACC_000173,bank_account,dest_hash_apex_property_mgmt_c4a11b3a02,021000021,Apex Property Management Escrow,active,2026-06-30T06:30:10+00:00
DEST_000038,ACC_000174,bank_account,dest_hash_apex_property_mgmt_c4a11b3a02,021000021,Apex Property Management Escrow,active,2026-06-29T10:31:54+00:00
DEST_000039,ACC_000175,bank_account,dest_hash_apex_property_mgmt_c4a11b3a02,021000021,Apex Property Management Escrow,active,2026-06-23T02:34:27+00:00
DEST_000040,ACC_000176,bank_account,dest_hash_apex_property_mgmt_c4a11b3a02,021000021,Apex Property Management Escrow,active,2026-06-30T10:47:22+00:00
DEST_000041,ACC_000177,bank_account,dest_hash_apex_property_mgmt_c4a11b3a02,021000021,Apex Property Management Escrow,active,2026-06-05T23:31:22+00:00
DEST_000042,ACC_000178,bank_account,dest_hash_apex_property_mgmt_c4a11b3a02,021000021,Apex Property Management Escrow,active,2026-06-03T22:37:56+00:00
DEST_000043,ACC_000179,bank_account,dest_hash_apex_property_mgmt_c4a11b3a02,021000021,Apex Property Management Escrow,active,2026-06-29T04:31:48+00:00
DEST_000044,ACC_000180,bank_account,dest_hash_apex_property_mgmt_c4a11b3a02,021000021,Apex Property Management Escrow,active,2026-06-06T01:11:44+00:00
DEST_000045,ACC_000181,bank_account,dest_hash_apex_property_mgmt_c4a11b3a02,021000021,Apex Property Management Escrow,active,2026-06-29T10:51:45+00:00
DEST_000046,ACC_000182,bank_account,dest_hash_apex_property_mgmt_c4a11b3a02,021000021,Apex Property Management Escrow,active,2026-06-07T14:56:50+00:00
DEST_000047,ACC_000183,bank_account,dest_hash_apex_property_mgmt_c4a11b3a02,021000021,Apex Property Management Escrow,active,2026-06-15T06:49:35+00:00
DEST_000048,ACC_000184,bank_account,dest_hash_apex_property_mgmt_c4a11b3a02,021000021,Apex Property Management Escrow,active,2026-06-27T03:29:51+00:00
DEST_000049,ACC_000185,bank_account,dest_hash_apex_property_mgmt_c4a11b3a02,021000021,Apex Property Management Escrow,active,2026-06-20T05:03:44+00:00
DEST_000050,ACC_000186,bank_account,dest_hash_apex_property_mgmt_c4a11b3a02,021000021,Apex Property Management Escrow,active,2026-06-06T14:16:31+00:00
DEST_000051,ACC_000187,bank_account,dest_hash_apex_property_mgmt_c4a11b3a02,021000021,Apex Property Management Escrow,active,2026-06-22T15:18:42+00:00
DEST_000052,ACC_000188,bank_account,dest_hash_apex_property_mgmt_c4a11b3a02,021000021,Apex Property Management Escrow,active,2026-06-29T20:22:44+00:00
DEST_000053,ACC_000189,bank_account,dest_hash_apex_property_mgmt_c4a11b3a02,021000021,Apex Property Management Escrow,active,2026-06-28T01:56:32+00:00
DEST_000054,ACC_000190,bank_account,dest_hash_apex_property_mgmt_c4a11b3a02,021000021,Apex Property Management Escrow,active,2026-06-04T07:08:59+00:00
DEST_000055,ACC_000191,bank_account,dest_hash_apex_property_mgmt_c4a11b3a02,021000021,Apex Property Management Escrow,active,2026-06-15T16:05:18+00:00
DEST_000056,ACC_000197,crypto_wallet,dest_hash_54d668894cacdec8,070454232,Joel Williams,active,2026-06-22T05:06:20+00:00
DEST_000057,ACC_000199,crypto_wallet,dest_hash_f45fefb05972a21e,043263373,Barry Bernard,active,2026-06-24T20:17:45+00:00
DEST_000058,ACC_000200,crypto_wallet,dest_hash_fea4a054bb814192,082428426,Claudia Lyons,active,2026-07-30T04:01:35+00:00
DEST_000059,ACC_000204,debit_push,dest_hash_3d9895ec6758910e,065989834,Sandra Zimmerman,active,2026-06-22T13:25:34+00:00
DEST_000060,ACC_000205,bank_account,dest_hash_7aee0e80d71afef2,028381043,David Michael,active,2026-06-05T05:30:50+00:00
DEST_000061,ACC_000208,crypto_wallet,dest_hash_968ba523a09936df,076742957,Cheryl Allen,active,2026-06-17T17:04:05+00:00
DEST_000062,ACC_000209,debit_push,dest_hash_e94bdf0f4f1af8f9,092804241,Alan Phillips,active,2026-06-09T16:34:07+00:00
DEST_000063,ACC_000212,crypto_wallet,dest_hash_9e534d08ccaaf4f8,043064092,Kevin Wolf,active,2026-07-28T11:56:41+00:00
DEST_000064,ACC_000215,bank_account,dest_hash_724230af45f8d349,070814320,Robert Avery,active,2026-06-09T21:36:49+00:00
DEST_000065,ACC_000216,debit_push,dest_hash_189042cc7d718a97,099960756,Kevin Patterson,active,2026-07-23T20:54:54+00:00
DEST_000066,ACC_000221,bank_account,dest_hash_47ddb7ddfa03c8b2,027456803,Miss Debra Williams PhD,active,2026-07-20T01:37:57+00:00
DEST_000067,ACC_000224,crypto_wallet,dest_hash_e820b01c9764f334,044619354,Brian Barton,active,2026-06-14T08:06:13+00:00
DEST_000068,ACC_000225,crypto_wallet,dest_hash_5ec1e29629faa043,054084785,Cody Cox,active,2026-07-17T21:07:37+00:00
DEST_000069,ACC_000226,debit_push,dest_hash_500e2cbca7c3bf5e,081530199,William Lynch,active,2026-06-27T10:15:59+00:00
DEST_000070,ACC_000228,crypto_wallet,dest_hash_c5768222760993e5,069676465,Dr. Jordan Hill PhD,active,2026-08-21T12:12:05+00:00
DEST_000071,ACC_000229,bank_account,dest_hash_168c29dae42e44f3,014028892,Richard Adams,active,2026-08-20T17:47:50+00:00
DEST_000072,ACC_000231,debit_push,dest_hash_1fbf6fad57666f66,055147351,Frank Lopez,active,2026-06-30T19:31:59+00:00
DEST_000073,ACC_000234,crypto_wallet,dest_hash_74141ef6bb715b51,043130320,Charles Pitts,active,2026-09-01T13:13:33+00:00
DEST_000074,ACC_000236,crypto_wallet,dest_hash_e1de0f50d72dab5f,017035056,Lori Clay,active,2026-08-15T18:45:55+00:00
DEST_000075,ACC_000240,crypto_wallet,dest_hash_dc96bdd70edcde18,028029744,Mark Stevens,active,2026-08-12T03:33:08+00:00
DEST_000076,ACC_000241,bank_account,dest_hash_e014a8acf5b80c63,047509496,Megan Moore,active,2026-08-24T02:59:09+00:00
DEST_000077,ACC_000243,crypto_wallet,dest_hash_9039c09046dc670e,077086404,James Howard,active,2026-06-03T15:54:40+00:00
DEST_000078,ACC_000244,debit_push,dest_hash_808c4e335d48d25a,050812122,Crystal Pham,active,2026-08-10T02:57:15+00:00
DEST_000079,ACC_000245,debit_push,dest_hash_19087dc800c828c6,086857173,Michelle Hopkins,active,2026-06-26T05:55:25+00:00
DEST_000080,ACC_000246,debit_push,dest_hash_7d22dade1a1c3cbf,043331239,Jeremiah Riley,active,2026-06-11T21:23:22+00:00
DEST_000081,ACC_000250,bank_account,dest_hash_d01b4e0829ff5f20,056938851,Michael Chambers,active,2026-05-31T17:12:22+00:00
DEST_000082,ACC_000251,crypto_wallet,dest_hash_1ae48f3b2dd7545a,011831931,David Johnson,active,2026-06-26T21:43:23+00:00
DEST_000083,ACC_000254,crypto_wallet,dest_hash_0f15558af1594a59,025985787,Teresa Ramirez,active,2026-06-24T13:41:07+00:00
DEST_000084,ACC_000255,bank_account,dest_hash_00f893c67000764e,059478024,Mrs. Stephanie Newman,active,2026-08-06T06:34:53+00:00
DEST_000085,ACC_000256,crypto_wallet,dest_hash_48542343fadf4552,020239462,Samantha Davis,active,2026-07-28T06:30:30+00:00
DEST_000086,ACC_000258,bank_account,dest_hash_85c427b7ffe8b47c,028805567,Robin Hall,active,2026-08-14T01:17:11+00:00
DEST_000087,ACC_000259,bank_account,dest_hash_093529603d39f381,035198547,Sean Anderson,active,2026-08-05T19:42:50+00:00
DEST_000088,ACC_000263,crypto_wallet,dest_hash_40330601f19da3d8,078123659,Larry Garcia,active,2026-06-13T04:19:21+00:00
DEST_000089,ACC_000264,debit_push,dest_hash_bc8718079211aaa4,020572666,Stephen Gutierrez,active,2026-08-03T14:29:47+00:00
DEST_000090,ACC_000265,debit_push,dest_hash_e7ae08deed1700c3,038225447,Erik Scott,active,2026-07-27T17:59:38+00:00
DEST_000091,ACC_000266,bank_account,dest_hash_8e3c286bdaf6bd3d,068179582,Patrick Watson,active,2026-08-13T15:32:55+00:00
DEST_000092,ACC_000267,crypto_wallet,dest_hash_1d58ec9bf7f064f4,036457435,Jennifer Russo,active,2026-06-24T06:07:33+00:00
DEST_000093,ACC_000268,bank_account,dest_hash_cc58c4881f39e0c1,088309763,Heather Lane,active,2026-08-21T15:27:11+00:00
DEST_000094,ACC_000269,crypto_wallet,dest_hash_7a43adcbd26458d8,032038057,Hayley Hawkins,active,2026-08-10T14:22:32+00:00
DEST_000095,ACC_000272,bank_account,dest_hash_30fa5ffd325ac87c,086056500,Heather White,active,2026-07-08T22:21:10+00:00
DEST_000096,ACC_000274,crypto_wallet,dest_hash_975fb84f845e2174,098445699,Christopher Collins,active,2026-06-24T20:53:58+00:00
DEST_000097,ACC_000275,bank_account,dest_hash_1e92cb151ed2d4b5,058259460,Denise Stanley,active,2026-06-17T09:36:21+00:00
DEST_000098,ACC_000278,debit_push,dest_hash_03b7e10968e96607,076485758,Pamela Roberts,active,2026-07-27T02:00:22+00:00
DEST_000099,ACC_000280,debit_push,dest_hash_3e25cb7dd78939c6,020376565,Laura Berry,active,2026-06-17T01:33:21+00:00
DEST_000100,ACC_000281,bank_account,dest_hash_f6420d2dbd0cc77d,045349744,Vincent Jackson,active,2026-07-28T16:44:09+00:00
DEST_000101,ACC_000285,debit_push,dest_hash_d5753632c38b5ad9,055612761,Raymond Snyder,active,2026-07-20T11:11:34+00:00
DEST_000102,ACC_000287,bank_account,dest_hash_b5d5a12b44a8c146,075741381,Emily Hayes,active,2026-07-21T18:10:30+00:00
DEST_000103,ACC_000292,debit_push,dest_hash_ebdc17923c9f7d4a,085992639,George Harper,active,2026-08-05T12:22:37+00:00
DEST_000104,ACC_000298,crypto_wallet,dest_hash_c8b7a5e6d37bf126,072265475,Brittany White,active,2026-06-30T06:56:02+00:00
DEST_000105,ACC_000299,bank_account,dest_hash_acc619a2cb175ab0,079762014,Nathan Montes,active,2026-07-04T22:41:50+00:00
DEST_000106,ACC_000301,bank_account,dest_hash_c09e8fc53af9a23c,094074257,Rebecca Taylor,active,2026-06-12T18:53:04+00:00
DEST_000107,ACC_000304,bank_account,dest_hash_25074d9a1000d7fc,053559761,Stacey Arias,active,2026-07-03T02:25:49+00:00
DEST_000108,ACC_000307,bank_account,dest_hash_5204780afe4b5a55,073057193,Kimberly Acosta,active,2026-08-23T19:32:10+00:00
DEST_000109,ACC_000308,bank_account,dest_hash_6c33f3c9be6dc984,073845946,Mark Dean,active,2026-06-27T05:55:02+00:00
DEST_000110,ACC_000309,debit_push,dest_hash_3d4d917fa8a71a68,026951598,Alexis Robertson,active,2026-08-21T20:25:10+00:00
DEST_000111,ACC_000310,crypto_wallet,dest_hash_ef8eef0c1279311f,099673571,Harry Duncan,active,2026-08-20T10:11:58+00:00
DEST_000112,ACC_000319,crypto_wallet,dest_hash_de16ae2e19dacd0a,086518645,Jeremy West,active,2026-06-29T13:36:55+00:00
DEST_000113,ACC_000321,crypto_wallet,dest_hash_7c7c7103de3b08c0,062137114,Nicole Moore,active,2026-07-18T18:09:29+00:00
DEST_000114,ACC_000326,bank_account,dest_hash_e4d47cdc71c2a29a,018270439,Jodi Roach,active,2026-08-25T18:17:59+00:00
DEST_000115,ACC_000327,bank_account,dest_hash_9461f79b06eb25a5,022730042,Michelle Pierce,active,2026-07-18T15:23:59+00:00
DEST_000116,ACC_000328,crypto_wallet,dest_hash_00cb14821400d6ef,051948011,Katie Martinez,active,2026-07-06T08:56:59+00:00
DEST_000117,ACC_000329,crypto_wallet,dest_hash_51359cd8306d531f,069953058,Angelica Parker,active,2026-07-03T00:03:54+00:00
DEST_000118,ACC_000335,debit_push,dest_hash_a7769ea3169f5da0,030897858,Pamela Butler,active,2026-07-26T04:18:30+00:00
DEST_000119,ACC_000339,debit_push,dest_hash_97351392902e7fc7,076724126,David Davis,active,2026-06-28T11:42:35+00:00
DEST_000120,ACC_000340,debit_push,dest_hash_3f6765361a89588a,082850150,Sean Moore,active,2026-07-03T13:17:42+00:00
DEST_000121,ACC_000341,bank_account,dest_hash_0946838e3d58c1e1,026497586,Mr. Alexander Landry MD,active,2026-08-20T10:41:39+00:00
DEST_000122,ACC_000343,bank_account,dest_hash_1dbfe1dfa3880fe3,092604294,James Hudson,active,2026-07-12T16:18:45+00:00
DEST_000123,ACC_000345,crypto_wallet,dest_hash_c7dd2e41e461634e,036669444,Jennifer Norton,active,2026-07-27T22:53:11+00:00
DEST_000124,ACC_000346,crypto_wallet,dest_hash_f59a6af73ab2341d,054834214,Jordan Porter,active,2026-06-16T08:00:38+00:00
DEST_000125,ACC_000347,debit_push,dest_hash_f4291eba08041753,056001399,Kelly Hernandez,active,2026-08-01T18:33:11+00:00
DEST_000126,ACC_000348,crypto_wallet,dest_hash_fcbd5d5ea7d6392a,023510334,Elizabeth Cabrera,active,2026-07-17T10:34:32+00:00
DEST_000127,ACC_000350,bank_account,dest_hash_1e941525b851659e,018865799,Lauren Jackson,active,2026-06-13T05:08:21+00:00
DEST_000128,ACC_000351,crypto_wallet,dest_hash_c968ae50bd9f808f,089253930,Jeremy Barnes,active,2026-07-18T20:53:11+00:00
DEST_000129,ACC_000352,crypto_wallet,dest_hash_717e168178c6c6cd,054127410,Nancy Brown,active,2026-07-10T01:01:51+00:00
DEST_000130,ACC_000354,debit_push,dest_hash_e0c377fcb1f6d7c1,028444834,Cheryl Wright,active,2026-07-23T15:29:26+00:00
DEST_000131,ACC_000355,debit_push,dest_hash_750c045028958494,042022542,Michele Vaughn,active,2026-06-18T20:55:44+00:00
DEST_000132,ACC_000357,crypto_wallet,dest_hash_deb6fa2352bb7f65,062424760,Dwayne Klein,active,2026-08-19T03:43:19+00:00
DEST_000133,ACC_000359,debit_push,dest_hash_a996967b2e1ee448,026143367,Laurie Sanchez,active,2026-06-28T22:58:42+00:00
DEST_000134,ACC_000360,crypto_wallet,dest_hash_70954ffaff24c241,030660064,Jason Love,active,2026-06-25T04:39:41+00:00
DEST_000135,ACC_000362,debit_push,dest_hash_b7f34746a36d6a17,074529182,Matthew Velez,active,2026-07-26T13:57:52+00:00
DEST_000136,ACC_000363,bank_account,dest_hash_2a9465687ed96d16,060375339,Carrie Khan,active,2026-07-25T00:33:23+00:00
DEST_000137,ACC_000365,bank_account,dest_hash_11221eee61040540,076113110,Brandi Gordon,active,2026-07-27T11:47:03+00:00
DEST_000138,ACC_000366,bank_account,dest_hash_61a5b33b9312a2eb,080593346,Jimmy Scott,active,2026-07-03T23:38:51+00:00
DEST_000139,ACC_000373,crypto_wallet,dest_hash_8669089b92f7949d,070033217,Justin Brown,active,2026-07-01T09:48:11+00:00
DEST_000140,ACC_000376,bank_account,dest_hash_eec6b4a882159ee5,079650275,Robert Reese,active,2026-07-24T10:10:38+00:00
DEST_000141,ACC_000378,debit_push,dest_hash_4e91a69e6bfe8a99,066783807,Chad May,active,2026-08-22T19:13:38+00:00
DEST_000142,ACC_000379,bank_account,dest_hash_760830885142c6a0,026230918,Michael Stanley,active,2026-07-22T13:48:27+00:00
DEST_000143,ACC_000380,bank_account,dest_hash_9715e19ddf2d79ca,054644060,Willie Long,active,2026-07-02T10:58:45+00:00
DEST_000144,ACC_000381,bank_account,dest_hash_c00d43e521a2698b,086573377,Veronica Ford,active,2026-08-10T22:39:33+00:00
DEST_000145,ACC_000382,debit_push,dest_hash_613b3cfcb3956551,069927008,Colin Golden,active,2026-07-29T14:22:02+00:00
DEST_000146,ACC_000384,crypto_wallet,dest_hash_7946b00294d2cc33,085756281,Andrew Gonzales,active,2026-08-29T23:58:14+00:00
DEST_000147,ACC_000395,crypto_wallet,dest_hash_30e96681245b831d,079292636,Erica Harris,active,2026-07-09T15:47:18+00:00
DEST_000148,ACC_000397,debit_push,dest_hash_0419900018de9a6f,045118439,Roy Porter,active,2026-06-27T18:48:59+00:00
DEST_000149,ACC_000398,bank_account,dest_hash_79e352dc8468ca1d,025130312,Maria Henry,active,2026-07-02T05:12:23+00:00
DEST_000150,ACC_000399,debit_push,dest_hash_6018517d26fb498c,084226768,Joshua White,active,2026-07-10T23:18:17+00:00
DEST_000151,ACC_000401,crypto_wallet,dest_hash_5fb4554e49e26d21,078749912,Alexis Patel,active,2026-08-27T11:46:59+00:00
DEST_000152,ACC_000402,debit_push,dest_hash_8928c46e26d7b0e7,010838457,Donna Shaw,active,2026-06-26T00:17:58+00:00
DEST_000153,ACC_000404,bank_account,dest_hash_c3a69793469317fe,063293282,Ronald Miller,active,2026-08-14T04:28:24+00:00
DEST_000154,ACC_000410,bank_account,dest_hash_7fc1c7ece5066a31,068909058,Jeffrey Roberson,active,2026-07-24T14:29:44+00:00
DEST_000155,ACC_000413,crypto_wallet,dest_hash_ad70cc0a7a8b00de,085660611,Emily Rodriguez,active,2026-08-14T13:15:10+00:00
DEST_000156,ACC_000414,crypto_wallet,dest_hash_a7cf9ff613179696,025926737,Justin Hunt,active,2026-08-08T12:48:09+00:00
DEST_000157,ACC_000415,crypto_wallet,dest_hash_239dfdb6a2a12cd6,096277277,Rachel Shields,active,2026-07-25T08:40:41+00:00
DEST_000158,ACC_000416,crypto_wallet,dest_hash_3a4d029c37e09b3e,057278045,Donald Evans,active,2026-08-22T14:04:03+00:00
DEST_000159,ACC_000419,debit_push,dest_hash_d89b55d7456a9c75,013800827,Melissa Mendoza,active,2026-06-21T20:51:20+00:00
DEST_000160,ACC_000423,bank_account,dest_hash_f71b414e618e0f4b,050434140,Matthew Espinoza,active,2026-07-23T03:02:39+00:00
DEST_000161,ACC_000426,debit_push,dest_hash_d3bb5fe5a6219e25,084195414,Jorge Stone,active,2026-07-24T17:42:21+00:00
DEST_000162,ACC_000427,debit_push,dest_hash_cf6fe18e20ce9b67,076684091,Alexander Garcia,active,2026-08-13T17:18:23+00:00
DEST_000163,ACC_000430,bank_account,dest_hash_36fdcad825be324e,042785604,Charlotte Sandoval,active,2026-06-06T10:22:33+00:00
DEST_000164,ACC_000436,crypto_wallet,dest_hash_45c0ad513a131010,075542595,Jenny Tucker,active,2026-07-17T14:08:54+00:00
DEST_000165,ACC_000437,debit_push,dest_hash_c98af86e014152f9,035231795,Katherine Taylor,active,2026-06-13T13:51:23+00:00
DEST_000166,ACC_000438,debit_push,dest_hash_97a0cbe75ad5acba,049935250,Kari Lee,active,2026-07-25T01:45:36+00:00
DEST_000167,ACC_000446,bank_account,dest_hash_716b50e9a6a4420a,019180850,Michael Roberts,active,2026-06-17T04:29:32+00:00
DEST_000168,ACC_000452,debit_push,dest_hash_687dc08c32d52a84,081451022,Frank Campbell MD,active,2026-06-07T13:52:58+00:00
DEST_000169,ACC_000462,crypto_wallet,dest_hash_e3f72fdd2b378f81,044065154,Bradley Tran,active,2026-08-07T09:16:18+00:00
DEST_000170,ACC_000464,bank_account,dest_hash_611114f8e9122ad4,060229580,Mr. Joseph Levine DVM,active,2026-08-16T21:40:40+00:00
DEST_000171,ACC_000466,bank_account,dest_hash_cfac97923dbeb851,010605250,Jennifer Mitchell,active,2026-07-17T06:15:01+00:00
DEST_000172,ACC_000469,crypto_wallet,dest_hash_337017e2317f8f8c,069685669,Jeffrey Ashley,active,2026-06-28T18:44:46+00:00
DEST_000173,ACC_000471,debit_push,dest_hash_9313fd468452e4da,012147945,Troy Mills,active,2026-07-24T21:36:41+00:00
DEST_000174,ACC_000474,debit_push,dest_hash_d885321e6597d042,087969595,John Reyes,active,2026-07-01T11:38:16+00:00
DEST_000175,ACC_000477,crypto_wallet,dest_hash_9286037f21d89c43,050414015,Robert Jarvis,active,2026-07-25T18:19:21+00:00
DEST_000176,ACC_000478,bank_account,dest_hash_70e0f6f471a02dcf,093360580,Curtis Elliott,active,2026-06-19T18:03:18+00:00
DEST_000177,ACC_000489,bank_account,dest_hash_cc19a5e1cb0c3e15,014637652,Jared Chavez,active,2026-08-15T20:41:17+00:00
DEST_000178,ACC_000493,bank_account,dest_hash_753e04e060094b22,050605773,Tom Williams,active,2026-07-16T08:11:39+00:00
DEST_000179,ACC_000495,bank_account,dest_hash_f223fb6154fdafe4,085634558,Kathleen Andrade,active,2026-08-06T05:07:46+00:00
DEST_000180,ACC_000499,crypto_wallet,dest_hash_5bcdf8156281e020,057937270,Pamela Key,active,2026-07-10T04:40:25+00:00
DEST_000181,ACC_000500,crypto_wallet,dest_hash_8da63d7b00e0815a,060454492,Ryan Bruce,active,2026-08-05T11:43:18+00:00
DEST_000182,ACC_000501,bank_account,dest_hash_cd9717f45aff3a0a,044245054,Kristy Hart,active,2026-08-20T10:00:40+00:00
DEST_000183,ACC_000502,bank_account,dest_hash_b560da6c9e0087e8,047054585,April Hardin,active,2026-06-27T20:25:46+00:00
DEST_000184,ACC_000503,bank_account,dest_hash_644dc09b5ab3beef,056073599,Sarah Morris,active,2026-08-06T21:56:21+00:00
DEST_000185,ACC_000504,crypto_wallet,dest_hash_141674e8ebe9f5a3,065371899,Sarah Valencia,active,2026-06-09T20:32:18+00:00
DEST_000186,ACC_000507,crypto_wallet,dest_hash_29f630901f4a9a75,018903426,Robin Gray,active,2026-07-21T22:54:08+00:00
DEST_000187,ACC_000508,debit_push,dest_hash_ff67c56dd3ea8212,065426389,Tiffany Fry,active,2026-07-10T02:03:41+00:00
DEST_000188,ACC_000510,crypto_wallet,dest_hash_2e2d01b500ddb53e,086193589,Meagan Daniel,active,2026-07-01T20:42:57+00:00
DEST_000189,ACC_000511,crypto_wallet,dest_hash_d28dea02309b5617,026373743,Barry Scott,active,2026-06-10T13:29:33+00:00
DEST_000190,ACC_000512,debit_push,dest_hash_9af1a5ad7f9c6328,094825727,Katherine Gray,active,2026-08-14T15:31:20+00:00
DEST_000191,ACC_000513,crypto_wallet,dest_hash_e2d866573baa0793,075304816,Laura Chang,active,2026-06-27T13:20:30+00:00
DEST_000192,ACC_000514,debit_push,dest_hash_0a0905b76eddadbd,048105554,Candace Jones,active,2026-07-25T01:46:32+00:00
DEST_000193,ACC_000515,crypto_wallet,dest_hash_ee602cd21f32d400,093491436,Jessica Valdez,active,2026-08-20T15:53:07+00:00
DEST_000194,ACC_000517,crypto_wallet,dest_hash_a7569905eef14acf,024497174,Anthony Armstrong,active,2026-08-08T00:05:22+00:00
DEST_000195,ACC_000524,crypto_wallet,dest_hash_d27e120c4ac23d7e,018573074,Stephanie Mcbride,active,2026-06-30T16:17:17+00:00
DEST_000196,ACC_000525,debit_push,dest_hash_9071ee98e68c343f,061724842,Rhonda Martinez,active,2026-06-11T02:41:11+00:00
DEST_000197,ACC_000526,bank_account,dest_hash_aca6174db58a3150,030350750,Deanna Bartlett,active,2026-06-16T08:02:15+00:00
DEST_000198,ACC_000528,debit_push,dest_hash_d35c0d043ac64c04,025339663,Lauren Hanna,active,2026-08-28T12:20:20+00:00
DEST_000199,ACC_000532,crypto_wallet,dest_hash_30b45e6f08c9d7d0,072391538,Ryan Garrison,active,2026-07-16T01:16:05+00:00
DEST_000200,ACC_000533,crypto_wallet,dest_hash_766da3ea7e84444a,094081951,Ann Alexander,active,2026-08-02T10:37:06+00:00
DEST_000201,ACC_000536,debit_push,dest_hash_83d8d9f0ae79d446,024988809,Isaac Gonzalez,active,2026-08-02T06:02:50+00:00
DEST_000202,ACC_000537,bank_account,dest_hash_0e747d5751f4d94d,024449015,Dana Burns,active,2026-08-20T23:00:12+00:00
DEST_000203,ACC_000539,bank_account,dest_hash_4eeba41a1d0b554a,069411958,Kenneth Hanna,active,2026-07-20T21:49:07+00:00
DEST_000204,ACC_000540,bank_account,dest_hash_5a4df7dc293d3702,099258921,Jason Smith,active,2026-08-21T09:48:00+00:00
DEST_000205,ACC_000541,debit_push,dest_hash_6702544528f8c1f0,016758413,Lindsay Smith,active,2026-06-09T20:17:11+00:00
DEST_000206,ACC_000543,crypto_wallet,dest_hash_991499270f131f67,092251573,Linda Campbell,active,2026-07-15T02:45:14+00:00
DEST_000207,ACC_000547,crypto_wallet,dest_hash_57e2f1aad3aaf4d6,045858655,Wendy Cabrera,active,2026-06-28T04:36:18+00:00
DEST_000208,ACC_000551,bank_account,dest_hash_825468d62b4182c6,053962735,Cory Wilson,active,2026-07-13T03:20:30+00:00
DEST_000209,ACC_000552,crypto_wallet,dest_hash_5a72f9dc1da945b7,069877900,Scott Taylor,active,2026-07-16T20:25:18+00:00
DEST_000210,ACC_000557,crypto_wallet,dest_hash_c45cf6106103b2ed,049620002,Haley Anderson,active,2026-06-28T13:39:06+00:00
DEST_000211,ACC_000560,debit_push,dest_hash_edb3b5fd3158af70,037825281,Alex Wagner,active,2026-08-24T22:43:11+00:00
DEST_000212,ACC_000563,debit_push,dest_hash_c9a617fb5ec844bf,082672212,David Miles,active,2026-08-13T15:50:23+00:00
DEST_000213,ACC_000571,bank_account,dest_hash_c3ba4a8be7e96b00,045831162,Stefanie Smith,active,2026-07-27T21:59:59+00:00
DEST_000214,ACC_000575,crypto_wallet,dest_hash_be90bd0bd001467a,031769838,Meghan White,active,2026-08-16T03:56:15+00:00
DEST_000215,ACC_000577,debit_push,dest_hash_92282c5a4b953e42,016963986,Megan Saunders,active,2026-08-27T21:00:53+00:00
DEST_000216,ACC_000579,bank_account,dest_hash_d6529744c66e1ba6,099460547,Julie Simpson,active,2026-08-03T23:08:56+00:00
DEST_000217,ACC_000580,debit_push,dest_hash_afde236371d8e92b,017435952,Wayne Williams,active,2026-07-27T22:35:13+00:00
DEST_000218,ACC_000585,crypto_wallet,dest_hash_1d75ba40b8fb5157,012904310,Mark Marsh,active,2026-06-26T02:18:15+00:00
DEST_000219,ACC_000590,debit_push,dest_hash_9f809004f419f30b,030629122,Priscilla Kent,active,2026-07-20T02:42:02+00:00
DEST_000220,ACC_000594,bank_account,dest_hash_eb16d1c5da772be7,016103320,Miguel Parks,active,2026-06-08T20:38:41+00:00
DEST_000221,ACC_000596,bank_account,dest_hash_5d181f869df6af8c,090436654,Jenny Smith,active,2026-07-27T19:03:55+00:00
DEST_000222,ACC_000599,crypto_wallet,dest_hash_2d6d9ae123af0bd2,098573777,Richard Lindsey,active,2026-07-04T11:27:58+00:00
DEST_000223,ACC_000600,debit_push,dest_hash_da88277a04707cfd,067859742,Sean Dalton,active,2026-07-11T02:50:11+00:00
